0,0.0,1.0164804458618164
0,0.0,1.5452167987823486
0,0.0,1.6439208984375
0,0.0,1.746098518371582
0,0.0,1.8447422981262207
0,0.0,1.9468257427215576
0,0.0,2.0448861122131348
0,0.0,2.1477034091949463
1,-3.541948764e-05,2.2464115619659424
0,0.0,2.348418712615967
13,-0.00027527121804,2.4504177570343018
340,0.13557440159999998,2.5491628646850586
582,0.40609486295136,2.6517837047576904
677,0.54078623779476,2.7495126724243164
708,0.58682982733056,2.8518447875976562
760,0.6654287616,2.9544713497161865
408,0.19860173254656,3.052887439727783
338,0.13389326155296,3.15541672706604
249,0.06950736237635999,3.2531166076660156
165,0.027916591725,3.3557400703430176
95,0.007560204974999999,3.4542109966278076
0,0.0,3.5524442195892334
0,0.0,3.6544501781463623
0,0.0,3.753183364868164
0,0.0,3.8555757999420166
0,0.0,3.9538207054138184
0,0.0,4.0559937953948975
0,0.0,4.154091835021973
0,0.0,4.256924152374268
0,0.0,4.3552634716033936
0,0.0,4.457428932189941
299,0.10314750635435999,4.559646129608154
509,0.31177793615795996,4.657646894454956
549,0.36230621324435996,4.760741472244263
658,0.5129904418665601,4.859037399291992
691,0.56148348989196,4.961747646331787
740,0.6350498256,5.059747695922852
730,0.6199209786,5.161747694015503
707,0.58533297906636,5.260340213775635
691,0.56148348989196,5.362832069396973
572,0.39263788751616,5.4606032371521
386,0.17698369279776,5.563531160354614
0,0.0,5.662158727645874
0,0.0,5.760384559631348
0,0.0,5.8624913692474365
0,0.0,5.960786819458008
0,0.0,6.062714338302612
0,0.0,6.161462068557739
0,0.0,6.263835191726685
2,-6.847590624e-05,6.362161636352539
0,0.0,6.464594841003418
0,0.0,6.562838315963745
0,0.0,6.66525936126709
0,0.0,6.763618469238281
0,0.0,6.865587472915649
0,0.0,6.964334964752197
0,0.0,7.066793441772461
0,0.0,7.16491174697876
0,0.0,7.267331838607788
0,0.0,7.365615367889404
0,0.0,7.468165159225464
0,0.0,7.566286087036133
0,0.0,7.668684720993042
0,0.0,7.767283916473389
0,0.0,7.86936092376709
0,0.0,7.967663526535034
0,0.0,8.07021975517273
9,-0.00023345022204000006,8.168391942977905
0,0.0,8.267155408859253
0,0.0,8.369131326675415
0,0.0,8.467335939407349
2,-6.847590624e-05,8.569766283035278
1,-3.541948764e-05,8.668038129806519
7,-0.00019820557764,8.770338296890259
1,-3.541948764e-05,8.869120359420776
0,0.0,8.970932960510254
0,0.0,9.069441080093384
0,0.0,9.171499490737915
0,0.0,9.270141124725342
0,0.0,9.372403860092163
0,0.0,9.470533847808838
0,0.0,9.573231220245361
0,0.0,9.671485662460327
0,0.0,9.774173974990845
0,0.0,9.8721604347229
0,0.0,9.974456548690796
0,0.0,10.072846174240112
0,0.0,10.175182580947876
0,0.0,10.273591041564941
0,0.0,10.376033544540405
0,0.0,10.474266529083252
0,0.0,10.576717615127563
0,0.0,10.674995422363281
0,0.0,10.77736234664917
0,0.0,10.875576972961426
0,0.0,10.977951765060425
0,0.0,11.076346158981323
0,0.0,11.178690671920776
0,0.0,11.276990175247192
0,0.0,11.379637956619263
0,0.0,11.477690935134888
0,0.0,11.579871654510498
0,0.0,11.678623914718628
0,0.0,11.780622720718384
1,-3.541948764e-05,11.87883448600769
0,0.0,11.981070280075073
0,0.0,12.079551696777344
0,0.0,12.182502031326294
0,0.0,12.280343532562256
0,0.0,12.382506132125854
0,0.0,12.481347799301147
0,0.0,12.583380222320557
0,0.0,12.681929588317871
0,0.0,12.784322738647461
0,0.0,12.882483005523682
0,0.0,12.98447585105896
0,0.0,13.082705020904541
351,0.14500029036635997,13.185550212860107
639,0.4855771970607599,13.287760019302368
744,0.6411139260825599,13.386252403259277
827,0.76755990087276,13.488539695739746
836,0.78122221368576,13.58656644821167
835,0.779705786475,13.689594745635986
838,0.78425375539296,13.78769040107727
835,0.779705786475,13.88979983329773
813,0.7462540877259599,13.988627672195435
795,0.7188028314749999,14.090622186660767
794,0.71727682033056,14.189066171646118
792,0.7142246936985599,14.291203737258911
788,0.7081202776089599,14.389641046524048
776,0.6898109211033598,14.4921133518219
710,0.5898255846,14.590120792388916
676,0.5393145517593599,14.693175315856934
607,0.44040233657435995,14.791542053222656
591,0.41833882256795996,14.89309573173523
592,0.4197068251545599,14.991821765899658
569,0.38863188613956,15.093770027160645
521,0.32662529184516,15.192102909088135
535,0.344288541975,15.295222997665405
513,0.31669647212195995,15.393077850341797
551,0.36490826645436003,15.495193243026733
591,0.41833882256795996,15.597688674926758
618,0.45578021067936,15.696030855178833
648,0.49851169099775994,15.798436641693115
648,0.49851169099775994,15.89711308479309
646,0.49562927570016,15.998727083206177
649,0.49995459660035996,16.09726572036743
624,0.46423646171136,16.200361967086792
629,0.47131887839315995,16.29795527458191
624,0.46423646171136,16.400713443756104
622,0.46141248117216,16.499078035354614
600,0.430704,16.601228952407837
41,0.0005165279859599998,16.699247360229492
0,0.0,16.797802448272705
0,0.0,16.900611639022827
0,0.0,16.99868941307068
0,0.0,17.101133346557617
0,0.0,17.199389219284058
0,0.0,17.30186152458191
0,0.0,17.400068044662476
0,0.0,17.50260043144226
0,0.0,17.601144790649414
0,0.0,17.703137397766113
0,0.0,17.801465272903442
0,0.0,17.90383791923523
30,-2.2667400000000006e-05,18.002161502838135
86,0.005870968205759998,18.104541063308716
550,0.363606375,18.206751346588135
587,0.41288183825195995,18.305241107940674
619,0.45718630083755996,18.407313108444214
623,0.46282382306076,18.50549626350403
632,0.47558347124735995,18.60828733444214
635,0.47985920347499994,18.706588983535767
618,0.45578021067936,18.808990240097046
574,0.39531660378336,18.907171726226807
569,0.38863188613956,19.009687423706055
561,0.37802112373475993,19.10788059234619
565,0.38331332572499993,19.210493326187134
557,0.3727556366283599,19.308820247650146
553,0.36751721693316,19.411367893218994
570,0.3899656026,19.50936722755432
576,0.39800170561535997,19.612273693084717
585,0.41016244522499995,19.709970951080322
639,0.4855771970607599,19.812406063079834
623,0.46282382306076,19.910959482192993
565,0.38331332572499993,20.013112545013428
588,0.41424381847296,20.11095952987671
587,0.41288183825195995,20.213812351226807
603,0.4348519013271599,20.311443567276
595,0.423819752475,20.414543390274048
432,0.22347373326336,20.51281452178955
0,0.0,20.610474348068237
0,0.0,20.71344566345215
0,0.0,20.81183385848999
0,0.0,20.91421914100647
0,0.0,21.012357473373413
0,0.0,21.11484408378601
0,0.0,21.213197708129883
0,0.0,21.31550407409668
0,0.0,21.41386318206787
0,0.0,21.516356706619263
2,-6.847590624e-05,21.614386320114136
0,0.0,21.716986656188965
0,0.0,21.814918279647827
1,-3.541948764e-05,21.917440176010132
0,0.0,22.015968561172485
0,0.0,22.118343114852905
1,-3.541948764e-05,22.216563940048218
0,0.0,22.31922674179077
0,0.0,22.417556762695312
0,0.0,22.51958727836609
0,0.0,22.617988109588623
0,0.0,22.720508098602295
368,0.16016002215935998,22.822792291641235
651,0.50284376929836,22.92085862159729
763,0.66999635129196,23.02303647994995
805,0.734058847725,23.121490716934204
833,0.7766716681155601,23.224520921707153
812,0.74473033264896,23.322696924209595
806,0.73558383721056,23.42477297782898
779,0.69438718876716,23.522961616516113
738,0.6320203350249599,23.62557363510132
721,0.60634874441316,23.723295211791992
708,0.58682982733056,23.82621169090271
688,0.5570341376409599,23.92461061477661
643,0.49131424530636,24.026280641555786
558,0.37406948453856,24.125624418258667
615,0.45156993997499995,24.227455615997314
606,0.43901261420255994,24.32986307144165
585,0.41016244522499995,24.428312063217163
578,0.40069314698016,24.530945301055908
579,0.40204123053515994,24.62929606437683
642,0.48987822049055996,24.73165726661682
657,0.5115376807203599,24.82969903945923
651,0.50284376929836,24.932066917419434
657,0.5115376807203599,25.029938459396362
671,0.53197023457116,25.13273572921753
672,0.53343719202816,25.2310631275177
637,0.48271579151796,25.33313250541687
611,0.44597515001675997,25.431736946105957
595,0.423819752475,25.53418207168579
578,0.40069314698016,25.632079362869263
605,0.4376242967249999,25.734861850738525
331,0.12808885434155998,25.832889795303345
0,0.0,25.93114185333252
0,0.0,26.033785343170166
0,0.0,26.13197684288025
0,0.0,26.234639167785645
0,0.0,26.332465648651123
0,0.0,26.435121297836304
0,0.0,26.53371524810791
0,0.0,26.6358425617218
16,-0.00028146069504000003,26.734593391418457
458,0.25188301201055996,26.836917638778687
640,0.4870096896,26.93896245956421
674,0.5363739804393599,27.037317037582397
693,0.56445383646036,27.1391704082489
680,0.5452068096,27.2379629611969
699,0.5733839469783599,27.339993238449097
706,0.5838368281065599,27.438244581222534
705,0.582341382225,27.541266202926636
693,0.56445383646036,27.63923454284668
696,0.56891537289216,27.742120504379272
662,0.51881201760096,27.84031105041504
1,-3.541948764e-05,27.938645601272583
0,0.0,28.040979385375977
0,0.0,28.13879704475403
0,0.0,28.241419553756714
0,0.0,28.33995032310486
0,0.0,28.441816806793213
4,-0.00012748733184,28.540172576904297
0,0.0,28.642797231674194
0,0.0,28.74106216430664
7,-0.00019820557764,28.843491792678833
0,0.0,28.94192385673523
0,0.0,29.04428005218506
0,0.0,29.142420768737793
179,0.03354216847116,29.244510650634766
337,0.13305647492196002,29.347238063812256
488,0.28647100010495996,29.445659637451172
670,0.5305042446,29.5476291179657
719,0.6033389416335599,29.64606809616089
752,0.65326073573376,29.748613834381104
750,0.650221875,29.84691286087036
758,0.66238500399456,29.949320554733276
772,0.6837110053401599,30.047786235809326
761,0.6669510396627599,30.150121927261353
742,0.63808104476256,30.248292922973633
725,0.612375328125,30.350240230560303
672,0.53343719202816,30.449131727218628
647,0.49706991507516,30.551397800445557
654,0.50718582837216,30.649582624435425
666,0.5246501037609599,30.75175905227661
647,0.49706991507516,30.853938579559326
625,0.46565039062499997,30.95266842842102
649,0.49995459660035996,31.05538272857666
667,0.5261121517335601,31.15352964401245
678,0.5422588476681599,31.25545644760132
676,0.5393145517593599,31.353955030441284
642,0.48987822049055996,31.456288814544678
1,-3.541948764e-05,31.554560661315918
0,0.0,31.65272307395935
0,0.0,31.755435943603516
0,0.0,31.85381054878235
1,-3.541948764e-05,31.95619034767151
0,0.0,32.05410552024841
0,0.0,32.156858921051025
0,0.0,32.25495147705078
0,0.0,32.35727858543396
31,1.4071729559999701e-05,32.45568561553955
297,0.10167630173316,32.558266162872314
477,0.27357014849076,32.66067671775818
538,0.34812011668896,32.758708477020264
676,0.5393145517593599,32.86164164543152
688,0.5570341376409599,32.95970582962036
699,0.5733839469783599,33.061298847198486
669,0.52903922933556,33.15993571281433
689,0.55851642267876,33.262592792510986
713,0.5943242550579599,33.36066651344299
675,0.5378437968750001,33.463796854019165
546,0.35841615971616,33.561630725860596
0,0.0,33.660117387771606
0,0.0,33.76245975494385
0,0.0,33.860522508621216
0,0.0,33.963133335113525
0,0.0,34.06103587150574
0,0.0,34.163904666900635
0,0.0,34.262115716934204
0,0.0,34.364778995513916
0,0.0,34.462796211242676
184,0.035677829160959997,34.56521797180176
566,0.38464050873696,34.66744923591614
684,0.55111349604096,34.76587462425232
766,0.6745660779849599,34.86844825744629
781,0.69743853475956,34.966761112213135
788,0.7081202776089599,35.06825399398804
784,0.7020161270169599,35.16676354408264
764,0.6715193676057598,35.26955533027649
750,0.650221875,35.36755681037903
757,0.6608635416123599,35.47043752670288
736,0.62899263922176,35.56820726394653
723,0.60936089460876,35.67121076583862
685,0.552592366725,35.76921057701111
654,0.50718582837216,35.8712100982666
653,0.5057373779211599,35.970210552215576
655,0.508635366975,36.072208404541016
666,0.5246501037609599,36.170286893844604
662,0.51881201760096,36.27306127548218
653,0.5057373779211599,36.3713698387146
29,-5.696110284000009e-05,36.473315715789795
0,0.0,36.57211685180664
0,0.0,36.67034387588501
0,0.0,36.772772789001465
0,0.0,36.87139940261841
0,0.0,36.97382712364197
0,0.0,37.07153511047363
0,0.0,37.174458503723145
0,0.0,37.27241563796997
0,0.0,37.375056982040405
139,0.018850189880759996,37.47685670852661
400,0.190608,37.57544183731079
606,0.43901261420255994,37.67770314216614
666,0.5246501037609599,37.776214838027954
648,0.49851169099775994,37.87861108779907
641,0.48844336632996005,37.97691631317139
633,0.47700748645956,38.078983783721924
628,0.46989985372416,38.17765736579895
631,0.47416069375355996,38.280007123947144
622,0.46141248117216,38.37825965881348
654,0.50718582837216,38.48068404197693
615,0.45156993997499995,38.58322215080261
637,0.48271579151796,38.6813268661499
633,0.47700748645956,38.78382205963135
591,0.41833882256795996,38.882033586502075
0,0.0,38.98068928718567
0,0.0,39.08270788192749
0,0.0,39.18146252632141
0,0.0,39.283382415771484
0,0.0,39.38216829299927
0,0.0,39.48417258262634
0,0.0,39.58238363265991
0,0.0,39.68485474586487
0,0.0,39.78265690803528
0,0.0,39.881654500961304
0,0.0,39.98365640640259
2,-6.847590624e-05,40.08208155632019
0,0.0,40.18398094177246
0,0.0,40.28253769874573
0,0.0,40.385226011276245
0,0.0,40.48313498497009
0,0.0,40.585835695266724
0,0.0,40.684133529663086
0,0.0,40.78651261329651
0,0.0,40.884838581085205
81,0.00502245933156,40.98688554763794
524,0.33037973665535997,41.089677572250366
643,0.49131424530636,41.18777799606323
687,0.55555269498396,41.29049205780029
694,0.56594022063456,41.388956785202026
690,0.5599995426000001,41.49085450172424
687,0.55555269498396,41.59335684776306
682,0.54815837874336,41.691688537597656
676,0.5393145517593599,41.793994188308716
652,0.50429002258176,41.89235830307007
651,0.50284376929836,41.9947566986084
257,0.07444760515235999,42.09246492385864
0,0.0,42.19138860702515
0,0.0,42.293545722961426
0,0.0,42.39241647720337
0,0.0,42.49467492103577
1,-3.541948764e-05,42.59273314476013
0,0.0,42.69505786895752
5,-0.000153436275,42.79341650009155
1,-3.541948764e-05,42.895665884017944
119,0.013090724857559998,42.99818444252014
520,0.3253775616,43.09645438194275
616,0.45297202384895996,43.199193477630615
668,0.5275751959833599,43.29705333709717
672,0.53343719202816,43.39958143234253
687,0.55555269498396,43.49736452102661
693,0.56445383646036,43.60012936592102
695,0.567427401975,43.69877362251282
672,0.53343719202816,43.801093101501465
661,0.51735505809876,43.89938139915466
661,0.51735505809876,44.001681089401245
530,0.33793882259999997,44.09969925880432
0,0.0,44.19817519187927
0,0.0,44.30078363418579
3,-9.916620084000002e-05,44.39935612678528
0,0.0,44.50114607810974
0,0.0,44.599169969558716
0,0.0,44.70200753211975
0,0.0,44.800389766693115
0,0.0,44.90271186828613
0,0.0,45.00096035003662
0,0.0,45.10297608375549
0,0.0,45.20211148262024
0,0.0,45.303791522979736
0,0.0,45.402382373809814
0,0.0,45.50420951843262
0,0.0,45.6030478477478
0,0.0,45.7054557800293
0,0.0,45.804222106933594
11,-0.00025914656724,45.90626907348633
1,-3.541948764e-05,46.00478267669678
0,0.0,46.106834173202515
0,0.0,46.204918384552
0,0.0,46.30753803253174
0,0.0,46.405832052230835
0,0.0,46.50820517539978
0,0.0,46.60651111602783
0,0.0,46.70909786224365
0,0.0,46.807358741760254
0,0.0,46.90945744514465
1,-3.541948764e-05,47.007914543151855
0,0.0,47.11028337478638
0,0.0,47.20861220359802
0,0.0,47.3107225894928
0,0.0,47.409602642059326
0,0.0,47.507636070251465
0,0.0,47.61024785041809
0,0.0,47.70826029777527
0,0.0,47.81023025512695
0,0.0,47.908987522125244
0,0.0,48.011335134506226
0,0.0,48.109941720962524
0,0.0,48.21197485923767
0,0.0,48.310245513916016
0,0.0,48.41225600242615
0,0.0,48.51112675666809
0,0.0,48.613415002822876
0,0.0,48.71169400215149
0,0.0,48.81389045715332
0,0.0,48.91205859184265
0,0.0,49.014692544937134
0,0.0,49.113534688949585
0,0.0,49.21571159362793
0,0.0,49.313782930374146
0,0.0,49.41619515419006
0,0.0,49.51454186439514
1,-3.541948764e-05,49.61656975746155
0,0.0,49.714959144592285
0,0.0,49.81725764274597
0,0.0,49.9157350063324
0,0.0,50.01823043823242
1,-3.541948764e-05,50.116278648376465
0,0.0,50.21915030479431
0,0.0,50.317147731781006
1,-3.541948764e-05,50.41917872428894
0,0.0,50.517905950546265
0,0.0,50.61978721618652
0,0.0,50.718146324157715
0,0.0,50.821006059646606
0,0.0,50.91930675506592
0,0.0,51.02172255516052
0,0.0,51.11970090866089
0,0.0,51.22244644165039
0,0.0,51.320239543914795
0,0.0,51.42293667793274
0,0.0,51.52170515060425
0,0.0,51.62372422218323
0,0.0,51.72153282165527
0,0.0,51.82475018501282
0,0.0,51.922672748565674
0,0.0,52.02483153343201
0,0.0,52.12312054634094
0,0.0,52.225900411605835
0,0.0,52.32413125038147
0,0.0,52.42684817314148
0,0.0,52.524595737457275
0,0.0,52.627177000045776
0,0.0,52.7254753112793
0,0.0,52.827921867370605
0,0.0,52.926175355911255
0,0.0,53.02890968322754
0,0.0,53.126532793045044
0,0.0,53.22912645339966
0,0.0,53.327550649642944
0,0.0,53.430052042007446
0,0.0,53.52814269065857
0,0.0,53.630067586898804
0,0.0,53.728609561920166
0,0.0,53.83157444000244
0,0.0,53.929561138153076
0,0.0,54.032047271728516
0,0.0,54.13004541397095
0,0.0,54.23284959793091
6,-0.00017701002144000002,54.33049011230469
0,0.0,54.4293007850647
1,-3.541948764e-05,54.53151297569275
0,0.0,54.63011837005615
0,0.0,54.73236560821533
0,0.0,54.83065152168274
0,0.0,54.93282508850098
0,0.0,55.03083276748657
0,0.0,55.13365650177002
0,0.0,55.23204970359802
0,0.0,55.334455490112305
0,0.0,55.4327495098114
0,0.0,55.535205364227295
0,0.0,55.63342499732971
0,0.0,55.735873222351074
0,0.0,55.83436417579651
0,0.0,55.93634605407715
0,0.0,56.03480291366577
0,0.0,56.13737750053406
0,0.0,56.23564076423645
0,0.0,56.33795356750488
0,0.0,56.43644714355469
0,0.0,56.538578748703
0,0.0,56.636879444122314
0,0.0,56.73928165435791
0,0.0,56.83758282661438
0,0.0,56.939985513687134
0,0.0,57.038442611694336
0,0.0,57.14071011543274
0,0.0,57.23895454406738
0,0.0,57.341379165649414
0,0.0,57.43947196006775
0,0.0,57.542163372039795
0,0.0,57.64005923271179
0,0.0,57.742454528808594
0,0.0,57.84102964401245
0,0.0,57.9435453414917
0,0.0,58.04195213317871
0,0.0,58.14416694641113
0,0.0,58.24243497848511
0,0.0,58.34437441825867
6,-0.00017701002144000002,58.44337463378906
0,0.0,58.54535412788391
8,-0.00021701996544000002,58.64334225654602
0,0.0,58.74649953842163
0,0.0,58.84451246261597
0,0.0,58.94673442840576
0,0.0,59.0448362827301
0,0.0,59.14752745628357
0,0.0,59.24571132659912
0,0.0,59.34822869300842
0,0.0,59.446532011032104
0,0.0,59.54895806312561
0,0.0,59.64678454399109
0,0.0,59.749157667160034
0,0.0,59.84790372848511
0,0.0,59.950305461883545
0,0.0,60.04859375953674
0,0.0,60.15098595619202
0,0.0,60.2493040561676
0,0.0,60.35193419456482
0,0.0,60.449981689453125
0,0.0,60.55210614204407
0,0.0,60.65056133270264
0,0.0,60.7532799243927
0,0.0,60.85104537010193
0,0.0,60.95353937149048
0,0.0,61.05208373069763
0,0.0,61.15464758872986
0,0.0,61.2527289390564
0,0.0,61.35510468482971
0,0.0,61.453540325164795
0,0.0,61.55581712722778
0,0.0,61.65420150756836
0,0.0,61.75255846977234
0,0.0,61.85513782501221
0,0.0,61.953043937683105
0,0.0,62.05503749847412
0,0.0,62.15380668640137
0,0.0,62.25632429122925
0,0.0,62.35435509681702
0,0.0,62.45674705505371
0,0.0,62.55517840385437
0,0.0,62.65770959854126
0,0.0,62.756075382232666
0,0.0,62.857828855514526
0,0.0,62.95680260658264
0,0.0,63.05892729759216
0,0.0,63.156933307647705
0,0.0,63.25968337059021
0,0.0,63.35792875289917
0,0.0,63.46018385887146
0,0.0,63.55867791175842
0,0.0,63.660829067230225
0,0.0,63.7595477104187
0,0.0,63.86135005950928
0,0.0,63.9597532749176
0,0.0,64.06237721443176
0,0.0,64.16075229644775
0,0.0,64.26291370391846
0,0.0,64.36137962341309
0,0.0,64.46410059928894
0,0.0,64.5620813369751
0,0.0,64.66445207595825
0,0.0,64.76242876052856
0,0.0,64.86535143852234
0,0.0,64.96345329284668
0,0.0,65.06562304496765
0,0.0,65.1637692451477
0,0.0,65.26652693748474
0,0.0,65.36506652832031
0,0.0,65.46699380874634
0,0.0,65.56555223464966
0,0.0,65.6678397655487
0,0.0,65.76638507843018
0,0.0,65.86872887611389
0,0.0,65.96695256233215
0,0.0,66.06924247741699
4,-0.00012748733184,66.16757726669312
2,-6.847590624e-05,66.2693989276886
0,0.0,66.36827850341797
0,0.0,66.47024083137512
11,-0.00025914656724,66.56898069381714
0,0.0,66.67132639884949
0,0.0,66.76999545097351
0,0.0,66.8720293045044
0,0.0,66.97066140174866
0,0.0,67.07281994819641
0,0.0,67.17105746269226
0,0.0,67.27345538139343
0,0.0,67.37188601493835
0,0.0,67.4740834236145
0,0.0,67.57254385948181
0,0.0,67.67484831809998
0,0.0,67.77313256263733
0,0.0,67.87573003768921
0,0.0,67.97389030456543
3,-9.916620084000002e-05,68.07617521286011
0,0.0,68.17491507530212
0,0.0,68.27685451507568
1,-3.541948764e-05,68.37545228004456
0,0.0,68.47758412361145
0,0.0,68.57642960548401
0,0.0,68.67792344093323
0,0.0,68.77634763717651
0,0.0,68.87892842292786
0,0.0,68.97725915908813
0,0.0,69.07928490638733
0,0.0,69.17789244651794
0,0.0,69.27622675895691
1,-3.541948764e-05,69.3788628578186
0,0.0,69.47720885276794
0,0.0,69.57937741279602
0,0.0,69.67725276947021
0,0.0,69.7798810005188
0,0.0,69.87819385528564
0,0.0,69.98029589653015
0,0.0,70.0793559551239
0,0.0,70.18134450912476
550,0.363606375,70.28339076042175
817,0.7523468754915599,70.38232851028442
833,0.7766716681155601,70.48459315299988
812,0.74473033264896,70.58314681053162
770,0.6806619665999999,70.68469953536987
732,0.62294289543936,70.78707265853882
709,0.5883273651099599,70.88619804382324
684,0.55111349604096,70.98819971084595
665,0.5231890592249999,71.0869414806366
670,0.5305042446,71.1886715888977
667,0.5261121517335601,71.28700375556946
562,0.37934168356896,71.38996458053589
0,0.0,71.48808145523071
0,0.0,71.58654403686523
0,0.0,71.6885826587677
0,0.0,71.78693008422852
0,0.0,71.8889091014862
0,0.0,71.98706603050232
437,0.22882057965395997,72.08958172798157
671,0.53197023457116,72.19222450256348
684,0.55111349604096,72.29061388969421
665,0.5231890592249999,72.39325308799744
669,0.52903922933556,72.49118137359619
681,0.54668214695556,72.59377121925354
676,0.5393145517593599,72.69202589988708
624,0.46423646171136,72.79461574554443
0,0.0,72.89264822006226
0,0.0,72.9913272857666
0,0.0,73.09340786933899
0,0.0,73.19148778915405
0,0.0,73.29409956932068
0,0.0,73.39240050315857
0,0.0,73.4949278831482
0,0.0,73.59323024749756
0,0.0,73.69495749473572
0,0.0,73.79377746582031
0,0.0,73.89614939689636
0,0.0,73.99398016929626
0,0.0,74.09684872627258
0,0.0,74.19515132904053
3,-9.916620084000002e-05,74.29708051681519
0,0.0,74.3962790966034
0,0.0,74.49823307991028
0,0.0,74.596275806427
0,0.0,74.69892406463623
0,0.0,74.7972252368927
0,0.0,74.89937424659729
0,0.0,74.99787259101868
0,0.0,75.10004782676697
0,0.0,75.19826149940491
0,0.0,75.30060839653015
0,0.0,75.3990433216095
0,0.0,75.49802446365356
0,0.0,75.59991836547852
0,0.0,75.6982684135437
0,0.0,75.80067420005798
0,0.0,75.89907884597778
0,0.0,76.00141644477844
0,0.0,76.09991836547852
0,0.0,76.20159339904785
0,0.0,76.30025339126587
0,0.0,76.4031229019165
0,0.0,76.50100827217102
0,0.0,76.60343337059021
404,0.19458606633216,76.70579886436462
541,0.35196782860596,76.80455017089844
696,0.56891537289216,76.90641069412231
737,0.6305062586499599,77.00487327575684
756,0.6593423682585601,77.10719895362854
740,0.6350498256,77.20925951004028
730,0.6199209786,77.30790281295776
707,0.58533297906636,77.4104380607605
679,0.54373237405116,77.50857520103455
647,0.49706991507516,77.61095142364502
629,0.47131887839315995,77.70947170257568
645,0.49418977972499994,77.81577777862549
207,0.04636073460636,77.90982604026794
0,0.0,78.00788021087646
0,0.0,78.1106812953949
0,0.0,78.20897197723389
0,0.0,78.310950756073
0,0.0,78.4098424911499
0,0.0,78.51231527328491
0,0.0,78.61041212081909
0,0.0,78.71238589286804
0,0.0,78.81097340583801
69,0.00324659815956,78.91359663009644
528,0.33541173743616004,79.01577353477478
659,0.51444426317196,79.11419796943665
719,0.6033389416335599,79.21687126159668
708,0.58682982733056,79.31432604789734
687,0.55555269498396,79.41741108894348
619,0.45718630083755996,79.51590418815613
560,0.3767022336,79.61754322052002
566,0.38464050873696,79.71617436408997
594,0.42244729613855997,79.8186707496643
593,0.42107631835236,79.91701579093933
614,0.45016920430175994,80.01857161521912
620,0.4585937136,80.11762118339539
635,0.47985920347499994,80.2194414138794
632,0.47558347124735995,80.31861901283264
244,0.06650581760255998,80.42080736160278
0,0.0,80.51885628700256
0,0.0,80.6172239780426
0,0.0,80.71963024139404
0,0.0,80.81789875030518
0,0.0,80.92027568817139
0,0.0,81.01859855651855
7,-0.00019820557764,81.12117981910706
1,-3.541948764e-05,81.21927785873413
0,0.0,81.32167363166809
4,-0.00012748733184,81.42000842094421
191,0.038779745271959994,81.52254724502563
571,0.39130093828716,81.62479329109192
704,0.58084664918016,81.72277307510376
734,0.6259668041289599,81.82504367828369
722,0.60785453008416,81.92372560501099
720,0.6048435455999999,82.02621817588806
721,0.60634874441316,82.1245744228363
714,0.5958251230377598,82.22682285308838
687,0.55555269498396,82.32507872581482
660,0.5158991376000001,82.42738318443298
648,0.49851169099775994,82.52598547935486
651,0.50284376929836,82.62790322303772
650,0.501398625,82.72665739059448
641,0.48844336632996005,82.8288733959198
0,0.0,82.92717266082764
0,0.0,83.02578997612
0,0.0,83.12787652015686
0,0.0,83.2261734008789
0,0.0,83.3289852142334
0,0.0,83.42712187767029
0,0.0,83.52938199043274
0,0.0,83.62755417823792
0,0.0,83.7299325466156
488,0.28647100010495996,83.83186745643616
652,0.50429002258176,83.93070435523987
690,0.5599995426000001,84.03264236450195
710,0.5898255846,84.13113808631897
687,0.55555269498396,84.23332405090332
678,0.5422588476681599,84.33202385902405
666,0.5246501037609599,84.43438863754272
660,0.5158991376000001,84.53306531906128
660,0.5158991376000001,84.63512825965881
668,0.5275751959833599,84.73308873176575
662,0.51881201760096,84.83561062812805
638,0.48414589545695996,84.93817162513733
643,0.49131424530636,85.03669381141663
0,0.0,85.13454270362854
0,0.0,85.23734450340271
0,0.0,85.33513045310974
0,0.0,85.43377256393433
0,0.0,85.53627038002014
0,0.0,85.6346549987793
0,0.0,85.73682188987732
0,0.0,85.8348937034607
0,0.0,85.93715524673462
0,0.0,86.03596878051758
0,0.0,86.13815975189209
0,0.0,86.23676109313965
0,0.0,86.33913803100586
0,0.0,86.4371178150177
0,0.0,86.53985238075256
0,0.0,86.6378846168518
0,0.0,86.74030256271362
0,0.0,86.8388741016388
0,0.0,86.94084286689758
1,-3.541948764e-05,87.03951168060303
0,0.0,87.14136052131653
0,0.0,87.23995971679688
1,-3.541948764e-05,87.34234619140625
0,0.0,87.4406361579895
0,0.0,87.54302501678467
0,0.0,87.64129638671875
0,0.0,87.74397826194763
1,-3.541948764e-05,87.84215927124023
0,0.0,87.9443290233612
0,0.0,88.04290199279785
0,0.0,88.14509320259094
0,0.0,88.24322509765625
0,0.0,88.34563279151917
3,-9.916620084000002e-05,88.44408178329468
0,0.0,88.54649567604065
0,0.0,88.6447970867157
0,0.0,88.74717092514038
0,0.0,88.84521865844727
0,0.0,88.94802355766296
0,0.0,89.04641819000244
0,0.0,89.14841651916504
0,0.0,89.2462203502655
0,0.0,89.34950184822083
0,0.0,89.44724655151367
0,0.0,89.54995107650757
0,0.0,89.64799666404724
0,0.0,89.7509114742279
0,0.0,89.84875464439392
0,0.0,89.95151948928833
0,0.0,90.04924416542053
0,0.0,90.15200281143188
0,0.0,90.25016498565674
0,0.0,90.35256242752075
0,0.0,90.4509973526001
0,0.0,90.55329823493958
0,0.0,90.65202689170837
0,0.0,90.75411295890808
0,0.0,90.85277390480042
0,0.0,90.95444107055664
390,0.1808286246,91.05724215507507
613,0.44876982318995995,91.1552426815033
705,0.582341382225,91.25788140296936
752,0.65326073573376,91.35654211044312
786,0.7050681330537599,91.45809745788574
747,0.64566621868716,91.556401014328
748,0.64718440824576,91.6592755317688
746,0.64414840288416,91.75764775276184
747,0.64566621868716,91.85999798774719
740,0.6350498256,91.95813846588135
709,0.5883273651099599,92.06059575080872
721,0.60634874441316,92.15848970413208
700,0.574875,92.26129531860352
33,9.489669155999993e-05,92.35962677001953
7,-0.00019820557764,92.45795464515686
0,0.0,92.56034088134766
2,-6.847590624e-05,92.65851020812988
0,0.0,92.76115608215332
0,0.0,92.85927104949951
0,0.0,92.96197557449341
4,-0.00012748733184,93.05960464477539
0,0.0,93.16234469413757
0,0.0,93.2605345249176
306,0.10837834369055999,93.3630485534668
596,0.42519368130815993,93.46541714668274
642,0.48987822049055996,93.56375193595886
648,0.49851169099775994,93.66586518287659
627,0.46848209316876,93.76445364952087
633,0.47700748645956,93.86679339408875
612,0.44737180298495993,93.96492433547974
601,0.43208519997635997,94.06764674186707
585,0.41016244522499995,94.16558909416199
579,0.40204123053515994,94.26834011077881
562,0.37934168356896,94.36648869514465
557,0.3727556366283599,94.46880960464478
591,0.41833882256795996,94.56726861000061
608,0.44179345760255995,94.66954493522644
594,0.42244729613855997,94.76832509040833
540,0.3506834736,94.87009501457214
0,0.0,94.96869826316833
0,0.0,95.06726050376892
0,0.0,95.16909837722778
1,-3.541948764e-05,95.26768565177917
0,0.0,95.36960029602051
0,0.0,95.46822118759155
0,0.0,95.57055354118347
0,0.0,95.66892051696777
0,0.0,95.7709310054779
0,0.0,95.86913895606995
0,0.0,95.97241592407227
0,0.0,96.07012152671814
1,-3.541948764e-05,96.17283868789673
0,0.0,96.2714467048645
0,0.0,96.37355923652649
0,0.0,96.47202181816101
0,0.0,96.57406949996948
0,0.0,96.67204713821411
0,0.0,96.77474880218506
0,0.0,96.87291598320007
0,0.0,96.97510242462158
0,0.0,97.07416486740112
0,0.0,97.17615056037903
0,0.0,97.27408170700073
0,0.0,97.37649917602539
0,0.0,97.47506332397461
0,0.0,97.57749938964844
0,0.0,97.6757984161377
0,0.0,97.77829647064209
0,0.0,97.87639594078064
0,0.0,97.9784767627716
0,0.0,98.07719469070435
0,0.0,98.17966842651367
0,0.0,98.2781240940094
0,0.0,98.38024592399597
0,0.0,98.47849369049072
0,0.0,98.58029508590698
0,0.0,98.67906832695007
0,0.0,98.78140425682068
0,0.0,98.87981176376343
0,0.0,98.9817066192627
0,0.0,99.08067274093628
0,0.0,99.18246841430664
0,0.0,99.28129148483276
0,0.0,99.38380765914917
0,0.0,99.48201894760132
0,0.0,99.58440256118774
0,0.0,99.6828920841217
0,0.0,99.78470015525818
0,0.0,99.88339447975159
0,0.0,99.98550248146057
0,0.0,100.08454179763794
4,-0.00012748733184,100.18682885169983
2,-6.847590624e-05,100.28450512886047
0,0.0,100.38670325279236
0,0.0,100.4854724407196
0,0.0,100.5877275466919
0,0.0,100.68647861480713
0,0.0,100.78851747512817
0,0.0,100.88684391975403
2,-6.847590624e-05,100.9889497756958
0,0.0,101.08747601509094
0,0.0,101.19018244743347
0,0.0,101.28821873664856
0,0.0,101.39015173912048
0,0.0,101.4882881641388
0,0.0,101.59115266799927
0,0.0,101.68919348716736
0,0.0,101.78789377212524
0,0.0,101.88998079299927
0,0.0,101.9885938167572
0,0.0,102.09097075462341
0,0.0,102.18936824798584
0,0.0,102.29140996932983
0,0.0,102.38973689079285
0,0.0,102.4926369190216
0,0.0,102.59103655815125
0,0.0,102.69278478622437
0,0.0,102.791344165802
0,0.0,102.89372873306274
1,-3.541948764e-05,102.99211597442627
0,0.0,103.0942976474762
0,0.0,103.19279909133911
0,0.0,103.2951352596283
0,0.0,103.39319801330566
0,0.0,103.49582004547119
0,0.0,103.59365582466125
0,0.0,103.69636034965515
0,0.0,103.79479765892029
0,0.0,103.89716744422913
0,0.0,103.99554896354675
0,0.0,104.09791898727417
0,0.0,104.19616889953613
0,0.0,104.29879188537598
0,0.0,104.39684963226318
0,0.0,104.49927282333374
0,0.0,104.59776282310486
0,0.0,104.70015573501587
0,0.0,104.79827570915222
0,0.0,104.90059328079224
0,0.0,104.99891757965088
0,0.0,105.10158777236938
0,0.0,105.19994640350342
0,0.0,105.30199360847473
0,0.0,105.4003472328186
0,0.0,105.50227856636047
0,0.0,105.60073661804199
0,0.0,105.70339059829712
0,0.0,105.80166792869568
0,0.0,105.9042296409607
0,0.0,106.00281381607056
0,0.0,106.1049165725708
0,0.0,106.20331406593323
0,0.0,106.30544900894165
0,0.0,106.40410017967224
0,0.0,106.50611639022827
0,0.0,106.60427403450012
0,0.0,106.7071225643158
0,0.0,106.80555438995361
0,0.0,106.90751600265503
0,0.0,107.00623369216919
0,0.0,107.10856127738953
0,0.0,107.20626068115234
0,0.0,107.30889105796814
0,0.0,107.40722298622131
0,0.0,107.50987124443054
0,0.0,107.60770273208618
0,0.0,107.70983791351318
0,0.0,107.8089542388916
0,0.0,107.91083836555481
0,0.0,108.00951290130615
0,0.0,108.1116693019867
0,0.0,108.20977020263672
0,0.0,108.31260681152344
0,0.0,108.41109371185303
0,0.0,108.5128538608551
0,0.0,108.61113405227661
0,0.0,108.71371912956238
0,0.0,108.81206607818604
0,0.0,108.91439723968506
0,0.0,109.01269149780273
0,0.0,109.11099195480347
0,0.0,109.2128233909607
0,0.0,109.31169199943542
0,0.0,109.41371822357178
0,0.0,109.51233315467834
0,0.0,109.61470341682434
0,0.0,109.7130675315857
0,0.0,109.81565928459167
0,0.0,109.91376304626465
0,0.0,110.01614451408386
0,0.0,110.1144654750824
0,0.0,110.21693849563599
0,0.0,110.31470561027527
0,0.0,110.4172534942627
0,0.0,110.51612615585327
0,0.0,110.6182153224945
0,0.0,110.71660089492798
0,0.0,110.81891584396362
0,0.0,110.9172477722168
0,0.0,111.01998901367188
0,0.0,111.11813473701477
0,0.0,111.22013425827026
0,0.0,111.31859469413757
0,0.0,111.42067766189575
0,0.0,111.51890325546265
0,0.0,111.62191319465637
0,0.0,111.71999406814575
0,0.0,111.82219982147217
0,0.0,111.9203109741211
0,0.0,112.0230405330658
0,0.0,112.12151145935059
0,0.0,112.22352910041809
0,0.0,112.32204174995422
0,0.0,112.42451596260071
0,0.0,112.52295446395874
0,0.0,112.62486267089844
0,0.0,112.72341656684875
0,0.0,112.82582402229309
0,0.0,112.92365002632141
0,0.0,113.02648949623108
0,0.0,113.12473368644714
0,0.0,113.22735333442688
0,0.0,113.3259289264679
0,0.0,113.4279146194458
0,0.0,113.5264995098114
0,0.0,113.6281156539917
0,0.0,113.72663688659668
0,0.0,113.82889676094055
0,0.0,113.927743434906
0,0.0,114.029776096344
0,0.0,114.12824177742004
0,0.0,114.23066711425781
0,0.0,114.32885694503784
0,0.0,114.43115639686584
0,0.0,114.52969598770142
0,0.0,114.6315348148346
0,0.0,114.73006558418274
0,0.0,114.83231687545776
0,0.0,114.93110132217407
0,0.0,115.0332841873169
0,0.0,115.13169074058533
0,0.0,115.23414278030396
0,0.0,115.33270692825317
0,0.0,115.43448281288147
0,0.0,115.53306555747986
0,0.0,115.63526940345764
0,0.0,115.73374080657959
0,0.0,115.83632040023804
0,0.0,115.93445777893066
0,0.0,116.03684520721436
0,0.0,116.13512110710144
0,0.0,116.23362803459167
0,0.0,116.3358142375946
0,0.0,116.43459844589233
0,0.0,116.53611207008362
0,0.0,116.63503742218018
0,0.0,116.7363760471344
0,0.0,116.8355004787445
0,0.0,116.93757939338684
0,0.0,117.03643870353699
0,0.0,117.13856410980225
0,0.0,117.23687148094177
0,0.0,117.33946132659912
0,0.0,117.43782186508179
0,0.0,117.53997039794922
0,0.0,117.6383798122406
0,0.0,117.7405412197113
0,0.0,117.83865189552307
0,0.0,117.94089913368225
0,0.0,118.03944969177246
0,0.0,118.1420168876648
0,0.0,118.24070715904236
0,0.0,118.34242820739746
0,0.0,118.44072723388672
0,0.0,118.5432300567627
0,0.0,118.64204287528992
0,0.0,118.74369955062866
0,0.0,118.84239029884338
0,0.0,118.94501376152039
0,0.0,119.04306530952454
0,0.0,119.14578104019165
0,0.0,119.24407911300659
0,0.0,119.3462073802948
0,0.0,119.44426441192627
0,0.0,119.54718685150146
0,0.0,119.64501857757568
0,0.0,119.74771118164062
0,0.0,119.8456642627716
0,0.0,119.94839143753052
0,0.0,120.04612326622009
0,0.0,120.14891314506531
0,0.0,120.24767088890076
0,0.0,120.34971642494202
0,0.0,120.44828009605408
0,0.0,120.55032515525818
0,0.0,120.64858961105347
0,0.0,120.75062012672424
0,0.0,120.84917974472046
0,0.0,120.9515073299408
0,0.0,121.05013918876648
0,0.0,121.15236496925354
0,0.0,121.25066995620728
0,0.0,121.35303783416748
0,0.0,121.45133924484253
0,0.0,121.55369210243225
0,0.0,121.65240502357483
0,0.0,121.75454115867615
0,0.0,121.85279297828674
0,0.0,121.9547483921051
0,0.0,122.05350708961487
0,0.0,122.1555814743042
0,0.0,122.25382041931152
0,0.0,122.35663199424744
0,0.0,122.4546389579773
0,0.0,122.55723118782043
0,0.0,122.65557718276978
0,0.0,122.75804018974304
0,0.0,122.8561658859253
0,0.0,122.95856475830078
0,0.0,123.05675029754639
0,0.0,123.15957546234131
0,0.0,123.25756359100342
0,0.0,123.36008596420288
0,0.0,123.45862770080566
0,0.0,123.55635142326355
0,0.0,123.65846681594849
0,0.0,123.75766372680664
0,0.0,123.85970306396484
0,0.0,123.95808553695679
0,0.0,124.0600938796997
0,0.0,124.15887761116028
0,0.0,124.26050353050232
0,0.0,124.3592882156372
0,0.0,124.46188044548035
0,0.0,124.55999517440796
0,0.0,124.66256666183472
0,0.0,124.76015639305115
0,0.0,124.86333847045898
0,0.0,124.9612443447113
0,0.0,125.06376576423645
0,0.0,125.16206955909729
0,0.0,125.26446890830994
0,0.0,125.36293077468872
0,0.0,125.46485495567322
0,0.0,125.56324315071106
0,0.0,125.66559672355652
0,0.0,125.76417064666748
0,0.0,125.86651945114136
0,0.0,125.96491384506226
0,0.0,126.06705284118652
0,0.0,126.1657121181488
0,0.0,126.2678873538971
0,0.0,126.3660318851471
0,0.0,126.46863889694214
0,0.0,126.56701135635376
0,0.0,126.66928458213806
0,0.0,126.7676682472229
0,0.0,126.87010359764099
0,0.0,126.9684009552002
0,0.0,127.07064580917358
0,0.0,127.16896200180054
0,0.0,127.27122807502747
0,0.0,127.3697440624237
0,0.0,127.47179627418518
0,0.0,127.57021117210388
0,0.0,127.67288899421692
0,0.0,127.77101278305054
0,0.0,127.87353277206421
0,0.0,127.97171545028687
0,0.0,128.07408905029297
0,0.0,128.17253184318542
0,0.0,128.27492809295654
0,0.0,128.37308764457703
0,0.0,128.47558498382568
0,0.0,128.573637008667
0,0.0,128.67641520500183
0,0.0,128.7743091583252
0,0.0,128.8769235610962
0,0.0,128.97530841827393
0,0.0,129.0777304172516
0,0.0,129.17589139938354
0,0.0,129.2782437801361
0,0.0,129.3766212463379
0,0.0,129.47891116142273
0,0.0,129.57690238952637
0,0.0,129.6796634197235
0,0.0,129.77791476249695
0,0.0,129.87996172904968
0,0.0,129.9787528514862
0,0.0,130.08081650733948
0,0.0,130.17900204658508
0,0.0,130.28204703330994
0,0.0,130.3799901008606
0,0.0,130.48236107826233
0,0.0,130.580561876297
0,0.0,130.68283343315125
0,0.0,130.78136110305786
0,0.0,130.87968397140503
0,0.0,130.98189640045166
0,0.0,131.0799708366394
0,0.0,131.1822612285614
0,0.0,131.28112053871155
0,0.0,131.38341093063354
0,0.0,131.48191857337952
0,0.0,131.58416056632996
0,0.0,131.6827335357666
0,0.0,131.78499817848206
0,0.0,131.88319158554077
0,0.0,131.98511242866516
0,0.0,132.0834765434265
0,0.0,132.18642950057983
0,0.0,132.28473615646362
0,0.0,132.3867735862732
0,0.0,132.484858751297
0,0.0,132.5875654220581
0,0.0,132.68537521362305
0,0.0,132.7881383895874
0,0.0,132.8863091468811
0,0.0,132.98836994171143
0,0.0,133.08729243278503
0,0.0,133.18990850448608
0,0.0,133.28824973106384
0,0.0,133.39031505584717
0,0.0,133.48863077163696
0,0.0,133.59101104736328
0,0.0,133.68900561332703
0,0.0,133.7918405532837
0,0.0,133.88993120193481
0,0.0,133.99230670928955
0,0.0,134.09117913246155
0,0.0,134.19319772720337
0,0.0,134.2911777496338
0,0.0,134.39418268203735
0,0.0,134.4921793937683
0,0.0,134.5941777229309
0,0.0,134.6931447982788
0,0.0,134.79481291770935
0,0.0,134.89381432533264
0,0.0,134.99579167366028
0,0.0,135.0937693119049
0,0.0,135.196280002594
0,0.0,135.29527306556702
0,0.0,135.39727401733398
0,0.0,135.496276140213
0,0.0,135.59827589988708
2,-6.847590624e-05,135.6962730884552
0,0.0,135.79827427864075
0,0.0,135.89727783203125
0,0.0,136.00029873847961
0,0.0,136.09927535057068
1,-3.541948764e-05,136.20027446746826
0,0.0,136.2982783317566
0,0.0,136.40027332305908
2,-6.847590624e-05,136.49927282333374
0,0.0,136.6012749671936
0,0.0,136.69927287101746
0,0.0,136.80227518081665
0,0.0,136.90027332305908
0,0.0,137.00227427482605
0,0.0,137.10227513313293
0,0.0,137.20327830314636
0,0.0,137.30127334594727
0,0.0,137.4042727947235
0,0.0,137.5022747516632
0,0.0,137.60427045822144
0,0.0,137.70327353477478
0,0.0,137.8052740097046
0,0.0,137.90327310562134
0,0.0,138.00227785110474
0,0.0,138.17016220092773
0,0.0,138.20286512374878
0,0.0,138.30515027046204
0,0.0,138.40317463874817
0,0.0,138.50615286827087
0,0.0,138.60415196418762
0,0.0,138.70615196228027
0,0.0,138.80415081977844
0,0.0,138.9071500301361
0,0.0,139.0051519870758
0,0.0,139.10818481445312
0,0.0,139.20615243911743
0,0.0,139.30815076828003
0,0.0,139.40715146064758
0,0.0,139.50915336608887
0,0.0,139.6072096824646
0,0.0,139.70968008041382
0,0.0,139.80857634544373
0,0.0,139.91029977798462
0,0.0,140.0089156627655
0,0.0,140.11089324951172
0,0.0,140.20989227294922
0,0.0,140.3114411830902
0,0.0,140.41012859344482
0,0.0,140.5127468109131
0,0.0,140.61063623428345
0,0.0,140.71308279037476
0,0.0,140.81220483779907
0,0.0,140.9155023097992
0,0.0,141.01363229751587
0,0.0,141.11522316932678
0,0.0,141.2129442691803
0,0.0,141.31537318229675
0,0.0,141.41326594352722
0,0.0,141.51609444618225
0,0.0,141.61414194107056
0,0.0,141.7165744304657
0,0.0,141.8147804737091
0,0.0,141.916907787323
0,0.0,142.0158622264862
0,0.0,142.11760258674622
0,0.0,142.21639728546143
0,0.0,142.31861424446106
0,0.0,142.41733527183533
0,0.0,142.51970887184143
0,0.0,142.6177635192871
0,0.0,142.7197070121765
0,0.0,142.81870222091675
0,0.0,142.92070412635803
0,0.0,143.01870131492615
0,0.0,143.12170243263245
0,0.0,143.2194459438324
0,0.0,143.3226339817047
0,0.0,143.42063641548157
0,0.0,143.5226390361786
0,0.0,143.62163925170898
0,0.0,143.72363543510437
0,0.0,143.82163643836975
0,0.0,144.13076734542847
0,0.0,144.1647665500641
0,0.0,144.1717667579651
0,0.0,144.25276613235474
0,0.0,144.32576298713684
0,0.0,144.42376351356506
0,0.0,144.550763130188
0,0.0,144.62476444244385
0,0.0,144.72676491737366
0,0.0,144.82576203346252
0,0.0,144.9277641773224
0,0.0,145.0267632007599
0,0.0,145.128764629364
0,0.0,145.22676348686218
0,0.0,145.3287649154663
0,0.0,145.4277617931366
0,0.0,145.52576208114624
0,0.0,145.62776064872742
0,0.0,145.72676277160645
0,0.0,145.82876300811768
0,0.0,145.92676448822021
0,0.0,146.0297656059265
0,0.0,146.1277642250061
0,0.0,146.2307665348053
0,0.0,146.3287649154663
0,0.0,146.43176245689392
0,0.0,146.5297679901123
0,0.0,146.63976383209229
0,0.0,146.72976350784302
0,0.0,146.8327648639679
0,0.0,146.9307632446289
0,0.0,147.03376460075378
0,0.0,147.13176560401917
0,0.0,147.23376512527466
0,0.0,147.33176398277283
0,0.0,147.43476152420044
1,-3.541948764e-05,147.53276467323303
0,0.0,147.63479685783386
0,0.0,147.73340392112732
0,0.0,147.83641386032104
1,-3.541948764e-05,147.93440651893616
0,0.0,148.03640747070312
0,0.0,148.13440608978271
0,0.0,148.2374074459076
0,0.0,148.33540558815002
0,0.0,148.43740677833557
0,0.0,148.53574323654175
0,0.0,148.63850474357605
0,0.0,148.73641085624695
0,0.0,148.83940362930298
0,0.0,148.93740439414978
0,0.0,149.04040551185608
0,0.0,149.1384027004242
0,0.0,149.2404043674469
0,0.0,149.33840346336365
0,0.0,149.4414050579071
0,0.0,149.53940558433533
0,0.0,149.64140486717224
0,0.0,149.74040508270264
0,0.0,149.8424072265625
0,0.0,149.94140529632568
0,0.0,150.04340386390686
0,0.0,150.1414053440094
0,0.0,150.24440479278564
1,-3.541948764e-05,150.34240436553955
0,0.0,150.44440579414368
0,0.0,150.54340529441833
0,0.0,150.64540481567383
0,0.0,150.74340534210205
0,0.0,150.84644269943237
0,0.0,150.94440364837646
0,0.0,151.04640197753906
0,0.0,151.14540338516235
0,0.0,151.24740314483643
0,0.0,151.34640455245972
0,0.0,151.44812297821045
2,-6.847590624e-05,151.54612159729004
2,-6.847590624e-05,151.64877653121948
0,0.0,151.74778079986572
0,0.0,151.84978103637695
4,-0.00012748733184,151.94878268241882
0,0.0,152.04978108406067
0,0.0,152.14878225326538
0,0.0,152.2507803440094
0,0.0,152.34877800941467
0,0.0,152.45178079605103
0,0.0,152.54977917671204
0,0.0,152.64878106117249
0,0.0,152.75078010559082
0,0.0,152.84877967834473
0,0.0,152.9507794380188
0,0.0,153.04977989196777
0,0.0,153.15239644050598
0,0.0,153.25039792060852
0,0.0,153.35339832305908
0,0.0,153.45139813423157
0,0.0,153.55339574813843
0,0.0,153.65139436721802
0,0.0,153.75439620018005
0,0.0,153.85239696502686
0,0.0,153.95540046691895
0,0.0,154.05339288711548
0,0.0,154.15539598464966
0,0.0,154.2543969154358
0,0.0,154.3573980331421
0,0.0,154.45439624786377
0,0.0,154.55739426612854
0,0.0,154.65539574623108
0,0.0,154.7573962211609
0,0.0,154.85639834403992
0,0.0,154.95839643478394
0,0.0,155.05639553070068
0,0.0,155.1594021320343
0,0.0,155.257399559021
0,0.0,155.35939836502075
0,0.0,155.45839643478394
1,-3.541948764e-05,155.5603950023651
0,0.0,155.661395072937
0,0.0,155.7613971233368
0,0.0,155.85939598083496
0,0.0,155.962415933609
0,0.0,156.06039881706238
0,0.0,156.16239619255066
0,0.0,156.2613959312439
0,0.0,156.36339735984802
0,0.0,156.46140146255493
0,0.0,156.56339621543884
0,0.0,156.66240906715393
0,0.0,156.7643940448761
0,0.0,156.86239409446716
0,0.0,156.96539735794067
0,0.0,157.06339716911316
0,0.0,157.16539549827576
0,0.0,157.264395236969
0,0.0,157.3663957118988
0,0.0,157.46539521217346
0,0.0,157.5673952102661
0,0.0,157.6653974056244
0,0.0,157.76840472221375
0,0.0,157.8673975467682
0,0.0,157.96839785575867
0,0.0,158.06739568710327
0,0.0,158.16939449310303
0,0.0,158.26739311218262
0,0.0,158.3695514202118
0,0.0,158.46831798553467
0,0.0,158.57031726837158
0,0.0,158.6689772605896
0,0.0,158.77093172073364
0,0.0,158.86962175369263
0,0.0,158.9716193675995
0,0.0,159.07062363624573
0,0.0,159.17252469062805
0,0.0,159.27152514457703
0,0.0,159.37352395057678
0,0.0,159.47208857536316
0,0.0,159.57408785820007
0,0.0,159.67208886146545
0,0.0,159.77508926391602
0,0.0,159.8730878829956
0,0.0,159.97209072113037
0,0.0,160.07409000396729
0,0.0,160.17209005355835
0,0.0,160.27508902549744
0,0.0,160.37308812141418
0,0.0,160.47508907318115
0,0.0,160.58209013938904
0,0.0,160.67608952522278
0,0.0,160.77408933639526
0,0.0,160.87608981132507
0,0.0,160.97509002685547
0,0.0,161.07708930969238
0,0.0,161.17608833312988
0,0.0,161.278089761734
0,0.0,161.37609267234802
0,0.0,161.47808837890625
0,0.0,161.57709002494812
0,0.0,161.67908763885498
0,0.0,161.77708983421326
0,0.0,161.8800868988037
0,0.0,161.9780900478363
0,0.0,162.0810887813568
0,0.0,162.1790885925293
0,0.0,162.28108835220337
0,0.0,162.38008975982666
0,0.0,162.4820899963379
0,0.0,162.58108925819397
0,0.0,162.68308782577515
0,0.0,162.78108763694763
0,0.0,162.88308882713318
0,0.0,162.9820897579193
0,0.0,163.084086894989
0,0.0,163.18208813667297
0,0.0,163.28508949279785
0,0.0,163.38308882713318
0,0.0,163.48508834838867
0,0.0,163.5840883255005
0,0.0,163.6860888004303
0,0.0,163.78408646583557
0,0.0,163.8870871067047
0,0.0,163.98508977890015
0,0.0,164.0870876312256
0,0.0,164.18608832359314
0,0.0,164.28808856010437
0,0.0,164.3870885372162
0,0.0,164.48908853530884
0,0.0,164.58708930015564
0,0.0,164.6900873184204
0,0.0,164.78808879852295
0,0.0,164.89009022712708
0,0.0,164.98908972740173
0,0.0,165.09108901023865
0,0.0,165.18908834457397
0,0.0,165.29208755493164
0,0.0,165.39008808135986
0,0.0,165.4920892715454
0,0.0,165.59109044075012
0,0.0,165.6930902004242
0,0.0,165.7910897731781
0,0.0,165.89409255981445
0,0.0,165.99311542510986
0,0.0,166.0941023826599
0,0.0,166.19308948516846
0,0.0,166.29508924484253
0,0.0,166.39408898353577
0,0.0,166.49608969688416
0,0.0,166.5940911769867
0,0.0,166.6960892677307
0,0.0,166.79508805274963
0,0.0,166.8970971107483
0,0.0,166.99609780311584
0,0.0,167.09408926963806
0,0.0,167.19608998298645
0,0.0,167.29509115219116
0,0.0,167.39708948135376
0,0.0,167.49509072303772
0,0.0,167.59809112548828
0,0.0,167.69609141349792
0,0.0,167.79808926582336
0,0.0,167.89609050750732
0,0.0,167.99908876419067
0,0.0,168.09709000587463
0,0.0,168.20008945465088
0,0.0,168.29808926582336
0,0.0,168.40008854866028
0,0.0,168.49908804893494
0,0.0,168.60108852386475
0,0.0,168.69908714294434
0,0.0,168.8020884990692
0,0.0,168.90008902549744
0,0.0,169.0020878314972
0,0.0,169.1010880470276
0,0.0,169.2040901184082
0,0.0,169.30108785629272
0,0.0,169.40408968925476
0,0.0,169.50208854675293
0,0.0,169.60408806800842
0,0.0,169.7030909061432
0,0.0,169.80508875846863
0,0.0,169.90308833122253
0,0.0,170.00608849525452
0,0.0,170.104088306427
0,0.0,170.20708990097046
0,0.0,170.30508995056152
0,0.0,170.40708947181702
0,0.0,170.50609064102173
0,0.0,170.60809016227722
0,0.0,170.7070882320404
0,0.0,170.808087348938
0,0.0,170.90708661079407
0,0.0,171.00908780097961
0,0.0,171.10808849334717
0,0.0,171.21008920669556
0,0.0,171.308087348938
0,0.0,171.41008806228638
0,0.0,171.50908946990967
0,0.0,171.61108875274658
0,0.0,171.71008682250977
0,0.0,171.81208753585815
0,0.0,171.9100890159607
0,0.0,172.01308703422546
0,0.0,172.11108946800232
0,0.0,172.21308946609497
0,0.0,172.3120892047882
0,0.0,172.41408729553223
0,0.0,172.51208901405334
0,0.0,172.61508870124817
0,0.0,172.7130880355835
0,0.0,172.81508827209473
0,0.0,172.91408848762512
0,0.0,173.0160882472992
0,0.0,173.1140878200531
0,0.0,173.2170877456665
0,0.0,173.315087556839
0,0.0,173.4170880317688
0,0.0,173.51608848571777
1,-3.541948764e-05,173.61809158325195
0,0.0,173.71708917617798
0,0.0,173.81908869743347
0,0.0,173.91708898544312
0,0.0,174.01908707618713
0,0.0,174.1180899143219
0,0.0,174.2160873413086
0,0.0,174.31908917427063
0,0.0,174.41708731651306
0,0.0,174.51909017562866
0,0.0,174.61809015274048
0,0.0,174.7200915813446
0,0.0,174.81808829307556
0,0.0,174.92108845710754
0,0.0,175.01909041404724
0,0.0,175.12109279632568
0,0.0,175.22009110450745
0,0.0,175.32208776474
0,0.0,175.4200897216797
0,0.0,175.5230894088745
0,0.0,175.62108898162842
0,0.0,175.72309160232544
0,0.0,175.82209062576294
0,0.0,175.9240870475769
0,0.0,176.02209186553955
0,0.0,176.12508845329285
0,0.0,176.22308945655823
0,0.0,176.32608890533447
0,0.0,176.42408800125122
0,0.0,176.5260875225067
0,0.0,176.62408804893494
0,0.0,176.72708797454834
0,0.0,176.82508969306946
0,0.0,176.92808866500854
0,0.0,177.0260889530182
0,0.0,177.12808918952942
0,0.0,177.22709155082703
0,0.0,177.3290891647339
0,0.0,177.4270875453949
0,0.0,177.53008818626404
0,0.0,177.62808799743652
0,0.0,177.73008823394775
0,0.0,177.82909059524536
0,0.0,177.9310884475708
0,0.0,178.0290882587433
0,0.0,178.13208937644958
0,0.0,178.23008966445923
0,0.0,178.3320882320404
0,0.0,178.43108987808228
0,0.0,178.53310179710388
0,0.0,178.63108825683594
0,0.0,178.73409032821655
0,0.0,178.83208751678467
0,0.0,178.93408799171448
0,0.0,179.0330879688263
0,0.0,179.13508892059326
0,0.0,179.23308849334717
0,0.0,179.33608889579773
0,0.0,179.434086561203
0,0.0,179.54109120368958
0,0.0,179.64161896705627
0,0.0,179.7376172542572
0,0.0,179.8356170654297
0,0.0,179.93761658668518
0,0.0,180.03661584854126
0,0.0,180.14161682128906
0,0.0,180.2386167049408
0,0.0,180.3396179676056
0,0.0,180.4376142024994
0,0.0,180.53961277008057
0,0.0,180.63862943649292
0,0.0,180.7416160106659
0,0.0,180.83961462974548
0,0.0,180.94161653518677
0,0.0,181.03961539268494
0,0.0,181.14161348342896
0,0.0,181.24061465263367
0,0.0,181.34261393547058
0,0.0,181.4416172504425
0,0.0,181.54361414909363
0,0.0,181.64161372184753
0,0.0,181.74061465263367
0,0.0,181.84261393547058
0,0.0,181.94061303138733
0,0.0,182.0436143875122
0,0.0,182.14161467552185
0,0.0,182.24361515045166
0,0.0,182.34261631965637
0,0.0,182.44461488723755
0,0.0,182.5426139831543
0,0.0,182.64461374282837
0,0.0,182.74862551689148
0,0.0,182.84661602973938
1,-3.541948764e-05,182.94462275505066
0,0.0,183.0466148853302
0,0.0,183.1446180343628
0,0.0,183.24761772155762
0,0.0,183.3456153869629
0,0.0,183.44761633872986
0,0.0,183.5466160774231
0,0.0,183.64861607551575
0,0.0,183.74661493301392
0,0.0,183.84961533546448
0,0.0,183.9476158618927
0,0.0,184.0496141910553
0,0.0,184.14861607551575
0,0.0,184.25061631202698
0,0.0,184.34961605072021
0,0.0,184.45161533355713
0,0.0,184.54961514472961
0,0.0,184.65261483192444
0,0.0,184.75061416625977
0,0.0,184.85261607170105
0,0.0,184.95161533355713
0,0.0,185.0536150932312
0,0.0,185.27461862564087
0,0.0,185.41961550712585
0,0.0,185.51161694526672
0,0.0,185.64661598205566
0,0.0,185.73861503601074
0,0.0,185.80961728096008
0,0.0,185.84461641311646
0,0.0,185.87761664390564
0,0.0,185.95461630821228
0,0.0,186.05661487579346
0,0.0,186.15561485290527
0,0.0,186.2576150894165
0,0.0,186.3556146621704
0,0.0,186.45861744880676
0,0.0,186.5606243610382
0,0.0,186.6606159210205
0,0.0,186.75761699676514
0,0.0,186.859614610672
0,0.0,186.95761632919312
0,0.0,187.06061458587646
0,0.0,187.15861535072327
0,0.0,187.26162123680115
0,0.0,187.35961842536926
0,0.0,187.46161603927612
0,0.0,187.5606141090393
0,0.0,187.66261386871338
0,0.0,187.7606165409088
0,0.0,187.86361408233643
0,0.0,187.96161484718323
0,0.0,188.0636124610901
0,0.0,188.16261506080627
0,0.0,188.2646152973175
0,0.0,188.36261653900146
0,0.0,188.46461486816406
0,0.0,188.56361365318298
0,0.0,188.6656150817871
0,0.0,188.7636148929596
0,0.0,188.8626217842102
0,0.0,188.96461296081543
0,0.0,189.06261444091797
0,0.0,189.16561317443848
0,0.0,189.26361465454102
0,0.0,189.36561346054077
0,0.0,189.46461296081543
0,0.0,189.56661438941956
0,0.0,189.66561603546143
0,0.0,189.7676134109497
0,0.0,189.8656141757965
0,0.0,189.96861386299133
0,0.0,190.06661558151245
0,0.0,190.16861510276794
0,0.0,190.26761436462402
0,0.0,190.36961436271667
0,0.0,190.467613697052
0,0.0,190.57061529159546
0,0.0,190.6686134338379
0,0.0,190.7706151008606
0,0.0,190.86961460113525
0,0.0,190.9716145992279
0,0.0,191.06961607933044
0,0.0,191.17261385917664
0,0.0,191.2706151008606
0,0.0,191.37261772155762
0,0.0,191.47161483764648
0,0.0,191.57361388206482
0,0.0,191.67261719703674
0,0.0,191.7746138572693
0,0.0,191.87261533737183
0,0.0,191.9756155014038
0,0.0,192.0736162662506
0,0.0,192.17561626434326
0,0.0,192.27461504936218
0,0.0,192.37661504745483
0,0.0,192.4746150970459
0,0.0,192.57761549949646
0,0.0,192.6756148338318
0,0.0,192.7776153087616
0,0.0,192.87661457061768
0,0.0,192.9781847000122
0,0.0,193.07718753814697
0,0.0,193.17918395996094
0,0.0,193.27818512916565
0,0.0,193.38018560409546
0,0.0,193.47818446159363
0,0.0,193.58018732070923
0,0.0,193.67918705940247
0,0.0,193.78118634223938
0,0.0,193.87918519973755
0,0.0,193.98218441009521
0,0.0,194.0802218914032
0,0.0,194.183185338974
0,0.0,194.2811884880066
0,0.0,194.38318467140198
0,0.0,194.48218655586243
0,0.0,194.58418726921082
0,0.0,194.68218898773193
0,0.0,194.7851846218109
0,0.0,194.88318634033203
0,0.0,194.9851884841919
0,0.0,195.08418488502502
0,0.0,195.18618535995483
0,0.0,195.28418517112732
0,0.0,195.3871877193451
0,0.0,195.4851837158203
0,0.0,195.58718490600586
0,0.0,195.6861846446991
0,0.0,195.78818345069885
0,0.0,195.8861846923828
0,0.0,195.98518443107605
0,0.0,196.0871844291687
0,0.0,196.18518495559692
0,0.0,196.28818488121033
0,0.0,196.38618540763855
0,0.0,196.4881865978241
0,0.0,196.58718609809875
0,0.0,196.6891860961914
0,0.0,196.78818821907043
0,0.0,196.8901867866516
0,0.0,196.9881842136383
0,0.0,197.0901849269867
0,0.0,197.18918800354004
0,0.0,197.2911877632141
0,0.0,197.3901870250702
0,0.0,197.49218583106995
0,0.0,197.59018731117249
0,0.0,197.69218564033508
0,0.0,197.79118633270264
0,0.0,197.8931884765625
0,0.0,197.99218654632568
0,0.0,198.09418439865112
0,0.0,198.1921842098236
0,0.0,198.29518580436707
0,0.0,198.39318656921387
0,0.0,198.49518513679504
0,0.0,198.59418487548828
0,0.0,198.6961853504181
0,0.0,198.79418563842773
0,0.0,198.89718461036682
0,0.0,198.99518513679504
0,0.0,199.09722018241882
0,0.0,199.1961863040924
0,0.0,199.29818511009216
0,0.0,199.39718508720398
0,0.0,199.49918580055237
0,0.0,199.59718370437622
0,0.0,199.6991856098175
0,0.0,199.79818654060364
0,0.0,199.90018892288208
1,-3.541948764e-05,199.9991855621338
0,0.0,200.10118532180786
0,0.0,200.19918966293335
0,0.0,200.30118536949158
0,0.0,200.40018463134766
0,0.0,200.50218725204468
0,0.0,200.60018587112427
0,0.0,200.70318412780762
0,0.0,200.80118441581726
0,0.0,200.90318536758423
0,0.0,201.0021848678589
0,0.0,201.10418462753296
0,0.0,201.20318746566772
0,0.0,201.3051872253418
0,0.0,201.4031856060028
0,0.0,201.50518703460693
0,0.0,201.6041853427887
0,0.0,201.70618510246277
0,0.0,201.8051860332489
0,0.0,201.90718364715576
0,0.0,202.0061857700348
0,0.0,202.1081862449646
0,0.0,202.2061848640442
0,0.0,202.3081841468811
0,0.0,202.40718579292297
0,0.0,202.509183883667
0,0.0,202.6071834564209
0,0.0,202.7101867198944
0,0.0,202.80818223953247
0,0.0,202.91086602210999
0,0.0,203.00825238227844
0,0.0,203.10712003707886
0,0.0,203.2092490196228
0,0.0,203.30749535560608
0,0.0,203.41049695014954
0,0.0,203.50849652290344
0,0.0,203.61049056053162
0,0.0,203.70949697494507
0,0.0,203.81149291992188
0,0.0,203.90954661369324
0,0.0,204.01249837875366
0,0.0,204.11049890518188
0,0.0,204.21249794960022
0,0.0,204.31149888038635
0,0.0,204.4135344028473
0,0.0,204.51158261299133
0,0.0,204.61458277702332
0,0.0,204.71264934539795
0,0.0,204.81565046310425
0,0.0,204.91365027427673
0,0.0,205.01568865776062
0,0.0,205.1145441532135
0,0.0,205.21654272079468
0,0.0,205.3145775794983
0,0.0,205.41754412651062
0,0.0,205.51557731628418
0,0.0,205.619544506073
0,0.0,205.7165551185608
1,-3.541948764e-05,205.81854367256165
0,0.0,205.91654467582703
0,0.0,206.0195484161377
0,0.0,206.1175458431244
0,0.0,206.21954488754272
0,0.0,206.31857585906982
0,0.0,206.4205882549286
0,0.0,206.51854467391968
0,0.0,206.62157821655273
0,0.0,206.71957778930664
0,0.0,206.82154440879822
0,0.0,206.92054080963135
0,0.0,207.02254247665405
0,0.0,207.12156891822815
0,0.0,207.22354173660278
0,0.0,207.321542263031
0,0.0,207.42396187782288
0,0.0,207.5223937034607
0,0.0,207.62439060211182
0,0.0,207.72342777252197
0,0.0,207.82529306411743
0,0.0,207.92418122291565
0,0.0,208.0259461402893
0,0.0,208.12459588050842
0,0.0,208.22634100914001
0,0.0,208.32519817352295
